X1,Country,Region,Population,Area (sq. mi.),Pop. Density (per sq. mi.),Coastline (coast/area ratio),Net migration,Infant mortality (per 1000 births),GDP ($ per capita),Literacy (%),Phones (per 1000),Arable (%),Crops (%),Other (%),Climate,Birthrate,Deathrate,Agriculture,Industry,Service,country,latitude,longitude,three_digit
1,Afghanistan,ASIA (EX. NEAR EAST),31056997,647500,"48,0","0,00","23,06",16307,700,360,"3,2","12,13","0,22",8765,1,466,2034,"0,38","0,24","0,38",AF,33.93911,67.709953,AFG
17,Bangladesh,ASIA (EX. NEAR EAST),147365352,144000,"1023,4","0,40","-0,71",626,1900,431,"7,3","62,11","3,07",3482,2,298,827,"0,199","0,198","0,603",BD,23.684994,90.356331,BGD
24,Bhutan,ASIA (EX. NEAR EAST),2279723,47000,"48,5","0,00",0,10044,1300,422,"14,3","3,09","0,43",9648,2,3365,127,"0,258","0,379","0,363",BT,27.514162,90.433601,BTN
30,Brunei,ASIA (EX. NEAR EAST),379444,5770,"65,8","2,79","3,59",1261,18600,939,"237,2","0,57","0,76",9867,2,1879,345,"0,036","0,561","0,403",BN,4.535277,114.727669,BRN
33,Myanmar [Burma],ASIA (EX. NEAR EAST),47382633,678500,"69,8","0,28","-1,8",6724,1800,853,"10,1","15,19","0,97",8384,2,1791,983,"0,564","0,082","0,353",MM,21.913965,95.956223,MMR
35,Cambodia,ASIA (EX. NEAR EAST),13881427,181040,"76,7","0,24",0,7148,1900,694,"2,6","20,96","0,61",7843,2,269,906,"0,35","0,3","0,35",KH,12.565679,104.990963,KHM
43,China,ASIA (EX. NEAR EAST),1313973713,9596960,"136,9","0,15","-0,4",2418,5000,909,"266,7","15,4","1,25",8335,15,1325,697,"0,125","0,473","0,403",CN,35.86166,104.195397,CHN
59,Timor-Leste,ASIA (EX. NEAR EAST),1062777,15007,"70,8","4,70",0,4741,500,586,NA,"4,71","0,67",9462,2,2699,624,"0,085","0,231","0,684",TL,-8.874217,125.727539,TLS
92,Hong Kong,ASIA (EX. NEAR EAST),6940432,1092,"6355,7","67,12","5,24",297,28800,935,"546,7","5,05","1,01",9394,2,729,629,"0,001","0,092","0,906",HK,22.396428,114.109497,HKG
95,India,ASIA (EX. NEAR EAST),1095351995,3287590,"333,2","0,21","-0,07",5629,2900,595,"45,4","54,4","2,74",4286,25,2201,818,"0,186","0,276","0,538",IN,20.593684,78.96288,IND
95,India,ASIA (EX. NEAR EAST),1095351995,3287590,"333,2","0,21","-0,07",5629,2900,595,"45,4","54,4","2,74",4286,25,2201,818,"0,186","0,276","0,538",IN,20.593684,78.96288,IND
96,Indonesia,ASIA (EX. NEAR EAST),245452739,1919440,"127,9","2,85",0,356,3200,879,"52,0","11,32","7,23",8145,2,2034,625,"0,134","0,458","0,408",ID,-0.789275,113.921327,IDN
97,Iran,ASIA (EX. NEAR EAST),68688433,1648000,"41,7","0,15","-0,84",4158,7000,794,"276,4","8,72","1,39",8989,1,17,555,"0,116","0,424","0,46",IR,32.427908,53.688046,IRN
104,Japan,ASIA (EX. NEAR EAST),127463611,377835,"337,4","7,87",0,326,28200,990,"461,2","12,19","0,96",8685,3,937,916,"0,017","0,258","0,725",JP,36.204824,138.252924,JPN
110,North Korea,ASIA (EX. NEAR EAST),23113019,120540,"191,8","2,07",0,2404,1300,990,"42,4","20,76","2,49",7675,3,1554,713,"0,3","0,34","0,36",KP,40.339852,127.510093,PRK
111,South Korea,ASIA (EX. NEAR EAST),48846823,98480,"496,0","2,45",0,705,17800,979,"486,1","17,18","1,95",8087,3,10,585,"0,033","0,403","0,563",KR,35.907757,127.766922,KOR
114,Laos,ASIA (EX. NEAR EAST),6368481,236800,"26,9","0,00",0,8522,1700,664,"14,1","3,8","0,35",9585,2,3549,1155,"0,455","0,287","0,258",LA,19.85627,102.495496,LAO
123,Macau,ASIA (EX. NEAR EAST),453125,28,"16183,0","146,43","4,86",439,19400,945,"384,9",0,0,100,2,848,447,"0,001","0,072","0,927",MO,22.198745,113.543873,MAC
127,Malaysia,ASIA (EX. NEAR EAST),24385858,329750,"74,0","1,42",0,177,9000,887,"179,0","5,48","17,61",7691,2,2286,505,"0,084","0,48","0,436",MY,4.210484,101.975766,MYS
128,Maldives,ASIA (EX. NEAR EAST),359008,300,"1196,7","214,67",0,5652,3900,972,"90,0","13,33","16,67",70,2,3481,706,"0,2","0,18","0,62",MV,3.202778,73.22068,MDV
140,Mongolia,ASIA (EX. NEAR EAST),2832224,1564116,"1,8","0,00",0,5379,1800,978,"55,1","0,77",0,9923,1,2159,695,"0,206","0,214","0,58",MN,46.862496,103.846656,MNG
146,Nepal,ASIA (EX. NEAR EAST),28287147,147181,"192,2","0,00",0,6698,1400,452,"15,9","21,68","0,64",7768,NA,3098,931,"0,38","0,21","0,41",NP,28.394857,84.124008,NPL
157,Pakistan,ASIA (EX. NEAR EAST),165803560,803940,"206,2","0,13","-2,77",7244,2100,457,"31,8","27,87","0,87",7126,1,2974,823,"0,216","0,251","0,533",PK,30.375321,69.345116,PAK
157,Pakistan,ASIA (EX. NEAR EAST),165803560,803940,"206,2","0,13","-2,77",7244,2100,457,"31,8","27,87","0,87",7126,1,2974,823,"0,216","0,251","0,533",PK,30.375321,69.345116,PAK
163,Philippines,ASIA (EX. NEAR EAST),89468677,300000,"298,2","12,10","-1,5",2351,4600,926,"38,4","18,95","16,77",6428,2,2489,541,"0,144","0,326","0,53",PH,12.879721,121.774017,PHL
185,Singapore,ASIA (EX. NEAR EAST),4492150,693,"6482,2","27,85","11,53",229,23700,925,"411,4","1,64",0,9836,2,934,428,0,"0,339","0,661",SG,1.352083,103.819836,SGP
192,Sri Lanka,ASIA (EX. NEAR EAST),20222240,65610,"308,2","2,04","-1,31",1435,3700,923,"61,5","13,86","15,7",7044,2,1551,652,"0,178","0,276","0,545",LK,7.873054,80.771797,LKA
199,Taiwan,ASIA (EX. NEAR EAST),23036087,35980,"640,3","4,35",0,64,23400,961,"591,0",24,1,75,2,1256,648,"0,018","0,259","0,723",TW,23.69781,120.960515,N/A
202,Thailand,ASIA (EX. NEAR EAST),64631595,514000,"125,7","0,63",0,2048,7400,926,"108,9","29,36","6,46",6418,2,1387,704,"0,099","0,441","0,46",TH,15.870032,100.992541,THA
220,Vietnam,ASIA (EX. NEAR EAST),84402966,329560,"256,1","1,05","-0,45",2595,2500,903,"187,7","19,97","5,95",7408,2,1686,622,"0,209","0,41","0,381",VN,14.058324,108.277199,VNM
220,Vietnam,ASIA (EX. NEAR EAST),84402966,329560,"256,1","1,05","-0,45",2595,2500,903,"187,7","19,97","5,95",7408,2,1686,622,"0,209","0,41","0,381",VN,14.058324,108.277199,VNM
65,Estonia,BALTICS,1324333,45226,"29,3","8,39","-3,16",787,12300,998,"333,8","16,04","0,45",8351,3,1004,1325,"0,04","0,294","0,666",EE,58.595272,25.013607,EST
115,Latvia,BALTICS,2274735,64589,"35,2","0,82","-2,23",955,10200,998,"321,4","29,67","0,47",6986,3,924,1366,"0,04","0,261","0,699",LV,56.879635,24.603189,LVA
121,Lithuania,BALTICS,3585906,65200,"55,0","0,14","-0,71",689,11400,996,"223,4","45,22","0,91",5387,NA,875,1098,"0,055","0,325","0,62",LT,55.169438,23.881275,LTU
10,Armenia,C.W. OF IND. STATES,2976372,29800,"99,9","0,00","-6,47",2328,3500,986,"195,7","17,55","2,3",8015,4,1207,823,"0,239","0,343","0,418",AM,40.069099,45.038189,ARM
14,Azerbaijan,C.W. OF IND. STATES,7961619,86600,"91,9","0,00","-4,9",8174,3400,970,"137,1","19,63","2,71",7766,1,2074,975,"0,141","0,457","0,402",AZ,40.143105,47.576927,AZE
19,Belarus,C.W. OF IND. STATES,10293011,207600,"49,6","0,00","2,54",1337,6100,996,"319,1","29,55","0,6",6985,4,1116,1402,"0,093","0,316","0,591",BY,53.709807,27.953389,BLR
76,Georgia,C.W. OF IND. STATES,4661473,69700,"66,9","0,44","-4,7",1859,2500,990,"146,6","11,44","3,86",847,3,1041,923,"0,172","0,275","0,553",GE,42.315407,43.356892,GEO
107,Kazakhstan,C.W. OF IND. STATES,15233244,2717300,"5,6","0,00","-3,35",2921,6300,984,"164,1","7,98","0,05",9197,4,16,942,"0,067","0,386","0,547",KZ,48.019573,66.923684,KAZ
113,Kyrgyzstan,C.W. OF IND. STATES,5213898,198500,"26,3","0,00","-2,45",3564,1600,970,"84,0","7,3","0,35",9235,25,228,708,"0,353","0,208","0,439",KG,41.20438,74.766098,KGZ
138,Moldova,C.W. OF IND. STATES,4466706,33843,"132,0","0,00","-0,26",4042,1800,991,"208,1","55,3","10,79",3391,NA,157,1264,"0,213","0,233","0,555",MD,47.411631,28.369885,MDA
170,Russia,C.W. OF IND. STATES,142893540,17075200,"8,4","0,22","1,02",1539,8900,996,"280,6","7,33","0,11",9256,NA,995,1465,"0,054","0,371","0,575",RU,61.52401,105.318756,RUS
200,Tajikistan,C.W. OF IND. STATES,7320815,143100,"51,2","0,00","-2,86",11076,1000,994,"33,5","6,61","0,92",9247,2,3265,825,"0,234","0,286","0,48",TJ,38.861034,71.276093,TJK
208,Turkmenistan,C.W. OF IND. STATES,5042920,488100,"10,3","0,00","-0,86",7308,5800,980,"74,6","3,72","0,14",9614,1,2761,86,"0,209","0,38","0,411",TM,38.969719,59.556278,TKM
212,Ukraine,C.W. OF IND. STATES,46710816,603700,"77,4","0,46","-0,39",2034,5400,997,"259,9","56,21","1,61",4218,3,882,1439,"0,187","0,452","0,361",UA,48.379433,31.16558,UKR
217,Uzbekistan,C.W. OF IND. STATES,27307134,447400,"61,0","0,00","-1,72",711,1700,993,"62,9","10,83","0,83",8834,1,2636,784,"0,342","0,229","0,43",UZ,41.377491,64.585262,UZB
2,Albania,EASTERN EUROPE,3581655,28748,"124,6","1,26","-4,93",2152,4500,865,"71,2","21,09","4,42",7449,3,1511,522,"0,232","0,188","0,579",AL,41.153332,20.168331,ALB
26,Bosnia and Herzegovina,EASTERN EUROPE,4498976,51129,"88,0","0,04","0,31",2105,6100,NA,"215,4","13,6","2,96",8344,4,877,827,"0,142","0,308","0,55",BA,43.915886,17.679076,BIH
31,Bulgaria,EASTERN EUROPE,7385367,110910,"66,6","0,32","-4,58",2055,7600,986,"336,3","40,02","1,92",5806,3,965,1427,"0,093","0,304","0,603",BG,42.733883,25.48583,BGR
51,Croatia,EASTERN EUROPE,4494749,56542,"79,5","10,32","1,58",684,10600,985,"420,4","26,09","2,27",7165,NA,961,1148,"0,07","0,308","0,622",HR,45.1,15.2,HRV
54,Czech Republic,EASTERN EUROPE,10235455,78866,"129,8","0,00","0,97",393,15700,999,"314,3","39,8","3,05",5715,3,902,1059,"0,034","0,393","0,573",CZ,49.817492,15.472962,CZE
93,Hungary,EASTERN EUROPE,9981334,93030,"107,3","0,00","0,86",857,13900,994,"336,2","50,09","2,06",4785,3,972,1311,"0,037","0,312","0,651",HU,47.162494,19.503304,HUN
124,Macedonia,EASTERN EUROPE,2050554,25333,"80,9","0,00","-1,45",1009,6700,NA,"260,0","22,26","1,81",7593,3,1202,877,"0,118","0,319","0,563",MK,41.608635,21.745275,MKD
164,Poland,EASTERN EUROPE,38536869,312685,"123,3","0,16","-0,49",851,11100,998,"306,3","45,91","1,12",5297,3,985,989,"0,05","0,311","0,64",PL,51.919438,19.145136,POL
169,Romania,EASTERN EUROPE,22303552,237500,"93,9","0,09","-0,13",2643,7000,984,"196,9","40,82","2,25",5693,3,107,1177,"0,101","0,35","0,549",RO,45.943161,24.96676,ROU
182,Serbia,EASTERN EUROPE,9396411,88361,"106,3","0,00","-1,33",1289,2200,930,"285,8","33,35","3,2",6345,NA,NA,NA,"0,166","0,255","0,579",RS,44.016521,21.005859,SRB
186,Slovakia,EASTERN EUROPE,5439448,48845,"111,4","0,00","0,3",741,13300,NA,"220,1","30,16","2,62",6722,3,1065,945,"0,035","0,294","0,672",SK,48.669026,19.699024,SVK
187,Slovenia,EASTERN EUROPE,2010347,20273,"99,2","0,23","1,12",445,19000,997,"406,1","8,6","1,49",8991,NA,898,1031,"0,028","0,369","0,603",SI,46.151241,14.995463,SVN
7,Anguilla,LATIN AMER. & CARIB,13477,102,"132,1","59,80","10,76",2103,8600,950,"460,0",0,0,100,2,1417,534,"0,04","0,18","0,78",AI,18.220554,-63.068615,AIA
8,Antigua and Barbuda,LATIN AMER. & CARIB,69108,443,"156,0","34,54","-6,15",1946,11000,890,"549,9","18,18","4,55",7727,2,1693,537,"0,038","0,22","0,743",AG,17.060816,-61.796428,ATA
9,Argentina,LATIN AMER. & CARIB,39921833,2766890,"14,4","0,18","0,61",1518,11200,971,"220,4","12,31","0,48",8721,3,1673,755,"0,095","0,358","0,547",AR,-38.416097,-63.616672,ARG
11,Aruba,LATIN AMER. & CARIB,71891,193,"372,5","35,49",0,589,28000,970,"516,1","10,53",0,8947,2,1103,668,"0,004","0,333","0,663",AW,12.52111,-69.968338,ABW
15,Bahamas,LATIN AMER. & CARIB,303770,13940,"21,8","25,41","-2,2",2521,16700,956,"460,6","0,8","0,4",988,2,1757,905,"0,03","0,07","0,9",BS,25.03428,-77.39628,BHS
18,Barbados,LATIN AMER. & CARIB,279912,431,"649,5","22,51","-0,31",125,15700,974,"481,9","37,21","2,33",6046,2,1271,867,"0,06","0,16","0,78",BB,13.193887,-59.543198,BRB
21,Belize,LATIN AMER. & CARIB,287730,22966,"12,5","1,68",0,2569,4900,941,"115,7","2,85","1,71",9544,2,2884,572,"0,142","0,152","0,612",BZ,17.189877,-88.49765,BLZ
25,Bolivia,LATIN AMER. & CARIB,8989046,1098580,"8,2","0,00","-1,32",5311,2400,872,"71,9","2,67","0,19",9714,15,233,753,"0,128","0,352","0,52",BO,-16.290154,-63.588653,BOL
28,Brazil,LATIN AMER. & CARIB,188078227,8511965,"22,1","0,09","-0,03",2961,7600,864,"225,3","6,96","0,9",9215,2,1656,617,"0,084","0,4","0,516",BR,-14.235004,-51.92528,BRA
29,British Virgin Islands,LATIN AMER. & CARIB,23098,153,"151,0","52,29","10,01",1805,16000,978,"506,5",20,"6,67",7333,2,1489,442,"0,018","0,062","0,92",VG,18.420695,-64.639968,VGB
39,Cayman Islands,LATIN AMER. & CARIB,45436,262,"173,4","61,07","18,75",819,35000,980,"836,3","3,85",0,9615,2,1274,489,"0,014","0,032","0,954",KY,19.513469,-80.566956,CYM
42,Chile,LATIN AMER. & CARIB,16134219,756950,"21,3","0,85",0,88,9900,962,"213,0","2,65","0,42",9693,3,1523,581,"0,06","0,493","0,447",CL,-35.675147,-71.542969,CHL
44,Colombia,LATIN AMER. & CARIB,43593035,1138910,"38,3","0,28","-0,31",2097,6300,925,"176,2","2,42","1,67",9591,2,2048,558,"0,125","0,342","0,533",CO,4.570868,-74.297333,COL
49,Costa Rica,LATIN AMER. & CARIB,4075261,51100,"79,8","2,52","0,51",995,9100,960,"340,7","4,41","5,88",8971,2,1832,436,"0,088","0,299","0,614",CR,9.748917,-83.753428,CRI
52,Cuba,LATIN AMER. & CARIB,11382820,110860,"102,7","3,37","-1,58",633,2900,970,"74,7","33,05","7,6",5935,2,1189,722,"0,055","0,261","0,684",CU,21.521757,-77.781167,CUB
57,Dominica,LATIN AMER. & CARIB,68910,754,"91,4","19,63","-13,87",1415,5400,940,"304,8","6,67",20,7333,2,1527,673,"0,177","0,328","0,495",DM,15.414999,-61.370976,DMA
58,Dominican Republic,LATIN AMER. & CARIB,9183984,48730,"188,5","2,64","-3,22",3238,6000,847,"97,4","22,65","10,33",6702,2,2322,573,"0,112","0,306","0,582",DO,18.735693,-70.162651,DOM
60,Ecuador,LATIN AMER. & CARIB,13547510,283560,"47,8","0,79","-8,58",2366,3300,925,"125,6","5,85","4,93",8922,2,2229,423,"0,07","0,312","0,618",EC,-1.831239,-78.183406,ECU
62,El Salvador,LATIN AMER. & CARIB,6822378,21040,"324,3","1,46","-3,74",251,4800,802,"142,4","31,85","12,07",5608,2,2661,578,"0,099","0,302","0,599",SV,13.794185,-88.89653,SLV
71,French Guiana,LATIN AMER. & CARIB,199509,91000,"2,2","0,42","6,27",1207,8300,830,"255,6","0,14","0,05",9981,2,2046,488,"0,066","0,156","0,778",GF,3.933889,-53.125782,GUF
82,Grenada,LATIN AMER. & CARIB,89703,344,"260,8","35,17","-13,92",1462,5000,980,"364,5","5,88","29,41",6471,2,2208,688,"0,054","0,18","0,766",GD,12.262776,-61.604171,GRD
83,Guadeloupe,LATIN AMER. & CARIB,452776,1780,"254,4","17,19","-0,15",86,8000,900,"463,8","11,24","3,55",8521,2,1505,609,"0,15","0,17","0,68",GP,16.995971,-62.067641,GLP
85,Guatemala,LATIN AMER. & CARIB,12293545,108890,"112,9","0,37","-1,67",3593,4100,706,"92,1","12,54","5,03",8243,2,2988,52,"0,227","0,188","0,585",GT,15.783471,-90.230759,GTM
89,Guyana,LATIN AMER. & CARIB,767245,214970,"3,6","0,21","-2,07",3326,4000,988,"143,5","2,44","0,15",9741,2,1828,828,"0,37","0,203","0,427",GY,4.860416,-58.93018,GUY
90,Haiti,LATIN AMER. & CARIB,8308504,27750,"299,4","6,38","-3,4",7345,1600,529,"16,9","28,3","11,61",6009,2,3644,1217,"0,28","0,2","0,52",HT,18.971187,-72.285215,HTI
91,Honduras,LATIN AMER. & CARIB,7326496,112090,"65,4","0,73","-1,99",2932,2600,762,"67,5","9,55","3,22",8723,2,2824,528,"0,139","0,312","0,549",HN,15.199999,-86.241905,HND
103,Jamaica,LATIN AMER. & CARIB,2758124,10991,"250,9","9,30","-4,92",1236,3900,879,"124,0","16,07","10,16",7377,2,2082,652,"0,049","0,337","0,615",JM,18.109581,-77.297508,JAM
132,Martinique,LATIN AMER. & CARIB,436131,1100,"396,5","31,82","-0,05",709,14400,977,"394,4","10,38","9,43",8019,2,1374,648,"0,06","0,11","0,83",MQ,14.641528,-61.024174,MTQ
136,Mexico,LATIN AMER. & CARIB,107449525,1972550,"54,5","0,47","-4,87",2091,9000,922,"181,6","12,99","1,31",857,15,2069,474,"0,038","0,259","0,702",MX,23.634501,-102.552784,MEX
141,Montserrat,LATIN AMER. & CARIB,9439,102,"92,5","39,22",0,735,3400,970,NA,20,0,80,2,1759,71,NA,NA,NA,MS,16.742498,-62.187366,MSR
148,Netherlands Antilles,LATIN AMER. & CARIB,221736,960,"231,0","37,92","-0,41",1003,11400,967,"365,3",10,0,90,2,1478,645,"0,01","0,15","0,84",AN,12.226079,-69.060087,ANT
148,Netherlands Antilles,LATIN AMER. & CARIB,221736,960,"231,0","37,92","-0,41",1003,11400,967,"365,3",10,0,90,2,1478,645,"0,01","0,15","0,84",AN,12.226079,-69.060087,ANT
151,Nicaragua,LATIN AMER. & CARIB,5570129,129494,"43,0","0,70","-1,22",2911,2300,675,"39,7","15,94","1,94",8212,2,2451,445,"0,165","0,275","0,56",NI,12.865416,-85.207229,NIC
159,Panama,LATIN AMER. & CARIB,3191319,78200,"40,8","3,18","-0,91",2047,6300,926,"137,9","7,36","1,98",9066,2,2174,536,"0,068","0,156","0,776",PA,8.537981,-80.782127,PAN
159,Panama,LATIN AMER. & CARIB,3191319,78200,"40,8","3,18","-0,91",2047,6300,926,"137,9","7,36","1,98",9066,2,2174,536,"0,068","0,156","0,776",PA,8.537981,-80.782127,PAN
161,Paraguay,LATIN AMER. & CARIB,6506464,406750,"16,0","0,00","-0,08",2563,4700,940,"49,2","7,6","0,23",9217,2,291,449,"0,224","0,207","0,569",PY,-23.442503,-58.443832,PRY
162,Peru,LATIN AMER. & CARIB,28302603,1285220,"22,0","0,19","-1,05",3194,5100,909,"79,5","2,89","0,4",9671,15,2048,623,"0,08","0,27","0,65",PE,-9.189967,-75.015152,PER
166,Puerto Rico,LATIN AMER. & CARIB,3927188,13790,"284,8","3,63","-1,46",824,16800,941,"283,1","3,95","5,52",9053,2,1277,765,"0,01","0,45","0,54",PR,18.220833,-66.590149,NA
173,Saint Kitts and Nevis,LATIN AMER. & CARIB,39129,261,"149,9","51,72","-7,11",1449,8800,970,"638,9","19,44","2,78",7778,2,1802,833,"0,035","0,258","0,707",KN,17.357822,-62.782998,KNA
173,Saint Kitts and Nevis,LATIN AMER. & CARIB,39129,261,"149,9","51,72","-7,11",1449,8800,970,"638,9","19,44","2,78",7778,2,1802,833,"0,035","0,258","0,707",KN,17.357822,-62.782998,KNA
174,Saint Lucia,LATIN AMER. & CARIB,168458,616,"273,5","25,65","-2,67",1353,5400,670,"303,3","6,56","22,95",7049,2,1968,508,"0,07","0,2","0,73",LC,13.909444,-60.978893,LCA
176,Saint Vincent and the Grenadines,LATIN AMER. & CARIB,117848,389,"303,0","21,59","-7,64",1478,2900,960,"190,9","17,95","17,95",641,2,1618,598,"0,1","0,26","0,64",VC,12.984305,-61.287228,VCT
194,Suriname,LATIN AMER. & CARIB,439117,163270,"2,7","0,24","-8,81",2357,4000,930,"184,7","0,37","0,06",9957,2,1802,727,"0,13","0,22","0,65",SR,3.919305,-56.027783,SUR
205,Trinidad and Tobago,LATIN AMER. & CARIB,1065842,5128,"207,9","7,06","-10,83",2431,9500,986,"303,5","14,62","9,16",7622,2,129,1057,"0,007","0,57","0,423",TT,10.691803,-61.222503,TTO
209,Turks and Caicos Islands,LATIN AMER. & CARIB,21152,430,"49,2","90,47","11,68",1567,9600,980,"269,5","2,33",0,9767,2,2184,421,NA,NA,NA,TC,21.694025,-71.797928,TCA
216,Uruguay,LATIN AMER. & CARIB,3431932,176220,"19,5","0,37","-0,32",1195,12800,980,"291,4","7,43","0,23",9234,3,1391,905,"0,093","0,311","0,596",UY,-32.522779,-55.765835,URY
219,Venezuela,LATIN AMER. & CARIB,25730435,912050,"28,2","0,31","-0,04",222,4800,934,"140,1","2,95","0,92",9613,2,1871,492,"0,04","0,419","0,541",VE,6.42375,-66.58973,VEN
221,U.S. Virgin Islands,LATIN AMER. & CARIB,108605,1910,"56,9","9,84","-8,94",803,17200,NA,"652,8","11,76","2,94",853,2,1396,643,"0,01","0,19","0,8",VI,18.335765,-64.896335,VIR
16,Bahrain,NEAR EAST,698585,665,"1050,5","24,21","1,05",1727,16900,891,"281,3","2,82","5,63",9155,1,178,414,"0,005","0,387","0,608",BH,25.930414,50.637772,BHR
53,Cyprus,NEAR EAST,784301,9250,"84,8","7,01","0,43",718,19200,976,NA,"7,79","4,44",8777,3,1256,768,"0,037","0,198","0,765",CY,35.126413,33.429859,CYP
75,Gaza Strip,NEAR EAST,1428757,360,"3968,8","11,11","1,6",2293,600,NA,"244,3","28,95","21,05",50,3,3945,38,"0,03","0,283","0,687",GZ,31.354676,34.308825,NA
98,Iraq,NEAR EAST,26783383,437072,"61,3","0,01",0,5025,1500,404,"38,6","13,15","0,78",8607,1,3198,537,"0,073","0,666","0,261",IQ,33.223191,43.679291,IRQ
101,Israel,NEAR EAST,6352117,20770,"305,8","1,31","0,68",703,19800,954,"462,3","16,39","4,17",7944,3,1797,618,"0,026","0,317","0,657",IL,31.046051,34.851612,ISR
106,Jordan,NEAR EAST,5906760,92300,"64,0","0,03","6,59",1735,4300,913,"104,5","2,67","1,83",955,1,2125,265,"0,033","0,287","0,68",JO,30.585164,36.238414,JOR
112,Kuwait,NEAR EAST,2418393,17820,"135,7","2,80","14,18",995,19000,835,"211,0","0,73","0,11",9916,1,2194,241,"0,004","0,479","0,516",KW,29.31166,47.481766,KWT
116,Lebanon,NEAR EAST,3874050,10400,"372,5","2,16",0,2452,4800,874,"255,6","16,62","13,98",694,NA,1852,621,"0,12","0,21","0,67",LB,33.854721,35.862285,LBN
156,Oman,NEAR EAST,3102229,212460,"14,6","0,98","0,28",1951,13100,758,"85,5",0,"0,14",9974,1,3624,381,"0,027","0,39","0,583",OM,21.512583,55.923255,OMN
167,Qatar,NEAR EAST,885359,11437,"77,4","4,92","16,29",1861,21500,825,"232,0","1,64","0,27",9809,1,1556,472,"0,002","0,801","0,197",QA,25.354826,51.183884,QAT
180,Saudi Arabia,NEAR EAST,27019731,1960582,"13,8","0,13","-2,71",1324,11800,788,"140,6","1,67","0,09",9824,1,2934,258,"0,033","0,613","0,354",SA,23.885942,45.079162,SAU
198,Syria,NEAR EAST,18881361,185180,"102,0","0,10",0,2953,3300,769,"153,8","25,22","4,43",7035,1,2776,481,"0,249","0,23","0,519",SY,34.802075,38.996815,SYR
207,Turkey,NEAR EAST,70413958,780580,"90,2","0,92",0,4104,6700,865,"269,5","30,93","3,31",6576,3,1662,597,"0,117","0,298","0,585",TR,38.963745,35.243322,TUR
213,United Arab Emirates,NEAR EAST,2602713,82880,"31,4","1,59","1,03",1451,23200,779,"475,3","0,6","2,25",9715,1,1896,44,"0,04","0,585","0,375",AE,23.424076,53.847818,ARE
223,West Bank,NEAR EAST,2460492,5860,"419,9","0,00","2,98",1962,800,NA,"145,2","16,9","18,97",6413,3,3167,392,"0,09","0,28","0,63",NA,NA,NA,NAM
225,Yemen,NEAR EAST,21456188,527970,"40,6","0,36",0,615,800,502,"37,2","2,78","0,24",9698,1,4289,83,"0,135","0,472","0,393",YE,15.552727,48.516388,YEM
225,Yemen,NEAR EAST,21456188,527970,"40,6","0,36",0,615,800,502,"37,2","2,78","0,24",9698,1,4289,83,"0,135","0,472","0,393",YE,15.552727,48.516388,YEM
3,Algeria,NORTHERN AFRICA,32930091,2381740,"13,8","0,04","-0,39",31,6000,700,"78,1","3,22","0,25",9653,1,1714,461,"0,101","0,6","0,298",DZ,28.033886,1.659626,DZA
61,Egypt,NORTHERN AFRICA,78887007,1001450,"78,8","0,24","-0,22",3259,4000,577,"131,8","2,87","0,48",9665,1,2294,523,"0,149","0,357","0,493",EG,26.820553,30.802498,EGY
119,Libya,NORTHERN AFRICA,5900754,1759540,"3,4","0,10",0,246,6400,826,"127,1","1,03","0,19",9878,NA,2649,348,"0,076","0,499","0,425",LY,26.3351,17.228331,LBY
142,Morocco,NORTHERN AFRICA,33241259,446550,"74,4","0,41","-0,98",4162,4000,517,"40,4","19,61","2,17",7822,NA,2198,558,"0,217","0,357","0,426",MA,31.791702,-7.09262,MAR
206,Tunisia,NORTHERN AFRICA,10175014,163610,"62,2","0,70","-0,57",2477,6900,742,"123,6","17,86","13,74",684,3,1552,513,"0,132","0,318","0,55",TN,33.886917,9.537499,TUN
224,Western Sahara,NORTHERN AFRICA,273008,266000,"1,0","0,42",NA,NA,NA,NA,NA,"0,02",0,9998,1,NA,NA,NA,NA,"0,4",EH,24.215527,-12.885834,ESH
23,Bermuda,NORTHERN AMERICA,65773,53,"1241,0","194,34","2,49",853,36000,980,"851,4",20,0,80,2,114,774,"0,01","0,1","0,89",BM,32.321384,-64.75737,BMU
37,Canada,NORTHERN AMERICA,33098932,9984670,"3,3","2,02","5,96",475,29800,970,"552,2","4,96","0,02",9502,NA,1078,78,"0,022","0,294","0,684",CA,56.130366,-106.346771,CAN
81,Greenland,NORTHERN AMERICA,56361,2166086,"0,0","2,04","-8,37",1582,20000,NA,"448,9",0,0,100,1,1593,784,NA,NA,NA,GL,71.706936,-42.604303,GRL
175,Saint Pierre and Miquelon,NORTHERN AMERICA,7026,242,"29,0","49,59","-4,86",754,6900,990,"683,2","13,04",0,8696,NA,1352,683,NA,NA,NA,PM,46.941936,-56.27111,SPM
215,United States,NORTHERN AMERICA,298444215,9631420,"31,0","0,21","3,41",65,37800,970,"898,0","19,13","0,22",8065,3,1414,826,"0,01","0,204","0,787",US,37.09024,-95.712891,USA
215,United States,NORTHERN AMERICA,298444215,9631420,"31,0","0,21","3,41",65,37800,970,"898,0","19,13","0,22",8065,3,1414,826,"0,01","0,204","0,787",US,37.09024,-95.712891,USA
4,American Samoa,OCEANIA,57794,199,"290,4","58,29","-20,71",927,8000,970,"259,5",10,15,75,2,2246,327,NA,NA,NA,AS,-14.270972,-170.132217,ASM
12,Australia,OCEANIA,20264082,7686850,"2,6","0,34","3,98",469,29000,1000,"565,5","6,55","0,04",9341,1,1214,751,"0,038","0,262","0,7",AU,-25.274398,133.775136,AUS
48,Cook Islands,OCEANIA,21388,240,"89,1","50,00",NA,NA,5000,950,"289,9","17,39","13,04",6957,2,21,NA,"0,151","0,096","0,753",CK,-21.236736,-159.777671,COK
68,Fiji,OCEANIA,905949,18270,"49,6","6,18","-3,14",1262,5800,937,"112,6","10,95","4,65",844,2,2255,565,"0,089","0,135","0,776",FJ,-16.578193,179.414413,FJI
72,French Polynesia,OCEANIA,274578,4167,"65,9","60,60","2,94",844,17500,980,"194,5","0,82","5,46",9372,2,1668,469,"0,031","0,19","0,769",PF,-17.679742,-149.406843,PYF
84,Guam,OCEANIA,171019,541,"316,1","23,20",0,694,21000,990,"492,0","9,09","16,36",7455,2,1879,448,NA,NA,NA,GU,13.444304,144.793731,GUM
109,Kiribati,OCEANIA,105432,811,"130,0","140,94",0,4852,800,NA,"42,7","2,74","50,68",4658,2,3065,826,"0,089","0,242","0,668",KI,-3.370417,-168.734039,KIR
131,Marshall Islands,OCEANIA,60422,11854,"5,1","3,12","-6,04",2945,1600,937,"91,2","16,67","38,89",4444,2,3305,478,"0,317","0,149","0,534",MH,7.131474,171.184478,MHL
137,Micronesia,OCEANIA,108004,702,"153,9","870,66","-20,99",3021,2000,890,"114,8","5,71","45,71",4858,2,2468,475,"0,289","0,152","0,559",FM,7.425554,150.550812,FSM
145,Nauru,OCEANIA,13287,21,"632,7","142,86",0,995,5000,NA,"143,0",0,0,100,2,2476,67,NA,NA,NA,NR,-0.522778,166.931503,NRU
149,New Caledonia,OCEANIA,219246,19060,"11,5","11,83",0,772,15000,910,"252,2","0,38","0,33",9929,2,1811,569,"0,15","0,088","0,762",NC,-20.904305,165.618042,NCL
150,New Zealand,OCEANIA,4076140,268680,"15,2","5,63","4,05",585,21600,990,"441,7","5,6","6,99",8741,3,1376,753,"0,043","0,273","0,684",NZ,-40.900557,174.885971,NZL
154,Northern Mariana Islands,OCEANIA,82459,477,"172,9","310,69","9,61",711,12500,970,"254,7","13,04","4,35",8261,2,1943,229,NA,NA,NA,MP,17.33083,145.38469,MNP
158,Palau,OCEANIA,20579,458,"44,9","331,66","2,85",1484,9000,920,"325,6","8,7","4,35",8695,2,1803,68,"0,062","0,12","0,818",PW,7.51498,134.58252,PLW
160,Papua New Guinea,OCEANIA,5670544,462840,"12,3","1,11",0,5145,2200,646,"10,9","0,46","1,44",981,2,2936,725,"0,353","0,381","0,266",PG,-6.314993,143.95555,PNG
177,Samoa,OCEANIA,176908,2944,"60,1","13,69","-11,7",2771,5600,997,"75,2","21,2","24,38",5442,2,1643,662,"0,114","0,584","0,302",WS,-13.759029,-172.104629,WSM
188,Solomon Islands,OCEANIA,552438,28450,"19,4","18,67",0,2129,1700,NA,"13,4","0,64",2,9736,2,3001,392,"0,42","0,11","0,47",SB,-9.64571,160.156194,SLB
204,Tonga,OCEANIA,114689,748,"153,3","56,02",0,1262,2200,985,"97,7","23,61","43,06",3333,2,2537,528,"0,23","0,27","0,5",TO,-21.178986,-175.198242,TON
210,Tuvalu,OCEANIA,11810,26,"454,2","92,31",0,2003,1100,NA,"59,3",0,0,100,2,2218,711,"0,166","0,272","0,562",TV,-7.109535,177.64933,TUV
218,Vanuatu,OCEANIA,208869,12200,"17,1","20,72",0,5516,2900,530,"32,6","2,46","7,38",9016,2,2272,782,"0,26","0,12","0,62",VU,-15.376706,166.959158,VUT
222,Wallis and Futuna,OCEANIA,16025,274,"58,5","47,08",NA,NA,3700,500,"118,6",5,25,70,2,NA,NA,NA,NA,NA,WF,-13.768752,-177.156097,WLF
6,Angola,SUB-SAHARAN AFRICA,12127071,1246700,"9,7","0,13",0,19119,1900,420,"7,8","2,41","0,24",9735,NA,4511,242,"0,096","0,658","0,246",AO,-11.202692,17.873887,AGO
22,Benin,SUB-SAHARAN AFRICA,7862944,112620,"69,8","0,11",0,85,1100,409,"9,7","18,08","2,4",7952,2,3885,1222,"0,316","0,138","0,546",BJ,9.30769,2.315834,BEN
27,Botswana,SUB-SAHARAN AFRICA,1639833,600370,"2,7","0,00",0,5458,9000,798,"80,5","0,65","0,01",9934,1,2308,295,"0,024","0,469","0,507",BW,-22.328474,24.684866,BWA
32,Burkina Faso,SUB-SAHARAN AFRICA,13902972,274200,"50,7","0,00",0,9757,1100,266,"7,0","14,43","0,19",8538,2,4562,156,"0,322","0,196","0,482",BF,12.238333,-1.561593,BFA
34,Burundi,SUB-SAHARAN AFRICA,8090068,27830,"290,7","0,00","-0,06",6929,600,516,"3,4","35,05","14,02",5093,2,4222,1346,"0,463","0,203","0,334",BI,-3.373056,29.918886,BDI
36,Cameroon,SUB-SAHARAN AFRICA,17340702,475440,"36,5","0,08",0,6826,1800,790,"5,7","12,81","2,58",8461,15,3389,1347,"0,448","0,17","0,382",CM,7.369722,12.354722,CMR
38,Cape Verde,SUB-SAHARAN AFRICA,420979,4033,"104,4","23,93","-12,07",4777,1400,766,"169,6","9,68","0,5",8982,3,2487,655,"0,121","0,219","0,66",CV,16.002082,-24.013197,CPV
40,Central African Republic,SUB-SAHARAN AFRICA,4303356,622984,"6,9","0,00",0,91,1100,510,"2,3","3,1","0,14",9676,2,3391,1865,"0,55","0,2","0,25",CF,6.611111,20.939444,CAF
41,Chad,SUB-SAHARAN AFRICA,9944201,1284000,"7,7","0,00","-0,11",9382,1200,475,"1,3","2,86","0,02",9712,2,4573,1638,"0,335","0,259","0,406",TD,15.454166,18.732207,TCD
45,Comoros,SUB-SAHARAN AFRICA,690948,2170,"318,4","15,67",0,7493,700,565,"24,5","35,87","23,32",4081,2,3693,82,"0,4","0,04","0,56",KM,-11.875001,43.872219,COM
46,Congo [DRC],SUB-SAHARAN AFRICA,62660551,2345410,"26,7","0,00",0,9469,700,655,"0,2","2,96","0,52",9652,2,4369,1327,"0,55","0,11","0,34",CD,-4.038333,21.758664,COD
47,Congo [Republic],SUB-SAHARAN AFRICA,3702314,342000,"10,8","0,05","-0,17",9386,700,838,"3,7","0,51","0,13",9936,2,4257,1293,"0,062","0,57","0,369",CG,-0.228021,15.827659,COG
50,Cote d'Ivoire,SUB-SAHARAN AFRICA,17654843,322460,"54,8","0,16","-0,07",9083,1400,509,"14,6","9,75","13,84",7641,2,3511,1484,"0,279","0,171","0,55",CI,7.539989,-5.54708,CIV
56,Djibouti,SUB-SAHARAN AFRICA,486530,23000,"21,2","1,37",0,10413,1300,679,"22,8","0,04",0,9996,1,3953,1931,"0,179","0,225","0,596",DJ,11.825138,42.590275,DJI
63,Equatorial Guinea,SUB-SAHARAN AFRICA,540109,28051,"19,3","1,06",0,8513,2700,857,"18,5","4,63","3,57",918,2,3559,1506,"0,03","0,906","0,062",GQ,1.650801,10.267895,GNQ
64,Eritrea,SUB-SAHARAN AFRICA,4786994,121320,"39,5","1,84",0,7487,700,586,"7,9","4,95","0,03",9502,15,3433,96,"0,102","0,254","0,643",ER,15.179384,39.782334,ERI
66,Ethiopia,SUB-SAHARAN AFRICA,74777981,1127127,"66,3","0,00",0,9532,700,427,"8,2","10,71","0,75",8854,2,3798,1486,"0,475","0,099","0,426",ET,9.145,40.489673,ETH
66,Ethiopia,SUB-SAHARAN AFRICA,74777981,1127127,"66,3","0,00",0,9532,700,427,"8,2","10,71","0,75",8854,2,3798,1486,"0,475","0,099","0,426",ET,9.145,40.489673,ETH
73,Gabon,SUB-SAHARAN AFRICA,1424906,267667,"5,3","0,33",0,5364,5500,632,"27,4","1,26","0,66",9808,2,3616,1225,"0,061","0,592","0,348",GA,-0.803689,11.609444,GAB
74,Gambia,SUB-SAHARAN AFRICA,1641564,11300,"145,3","0,71","1,57",7202,1700,401,"26,8",25,"0,5",745,2,3937,1225,"0,308","0,142","0,549",GM,13.443182,-15.310139,GMB
78,Ghana,SUB-SAHARAN AFRICA,22409572,239460,"93,6","0,23","-0,64",5143,2200,748,"14,4","16,26","9,67",7407,2,3052,972,"0,366","0,246","0,387",GH,7.946527,-1.023194,GHA
87,Guinea,SUB-SAHARAN AFRICA,9690222,245857,"39,4","0,13","-3,06",9037,2100,359,"2,7","3,63","2,58",9379,2,4176,1548,"0,237","0,362","0,401",GN,9.945587,-9.696645,GIN
88,Guinea-Bissau,SUB-SAHARAN AFRICA,1442029,36120,"39,9","0,97","-1,57",10717,800,424,"7,4","10,67","8,82",8051,2,3722,1653,"0,62","0,12","0,26",GW,11.803749,-15.180413,GNB
108,Kenya,SUB-SAHARAN AFRICA,34707817,582650,"59,6","0,09","-0,1",6147,1000,851,"8,1","8,08","0,98",9094,15,3972,1402,"0,163","0,188","0,651",KE,-0.023559,37.906193,KEN
117,Lesotho,SUB-SAHARAN AFRICA,2022331,30355,"66,6","0,00","-0,74",8423,3000,848,"23,7","10,87","0,13",89,3,2475,2871,"0,163","0,443","0,394",LS,-29.609988,28.233608,LSO
118,Liberia,SUB-SAHARAN AFRICA,3042004,111370,"27,3","0,52",0,12887,1000,575,"2,3","3,95","2,28",9377,2,4477,231,"0,769","0,054","0,177",LR,6.428055,-9.429499,LBR
125,Madagascar,SUB-SAHARAN AFRICA,18595469,587040,"31,7","0,82",0,7683,800,689,"3,6","5,07","1,03",9391,2,4141,1111,"0,276","0,165","0,559",MG,-18.766947,46.869107,MDG
126,Malawi,SUB-SAHARAN AFRICA,13013926,118480,"109,8","0,00",0,10332,600,627,"7,9","23,38","1,49",7513,2,4313,1933,"0,342","0,158","0,499",MW,-13.254308,34.301525,MWI
129,Mali,SUB-SAHARAN AFRICA,11716829,1240000,"9,5","0,00","-0,33",11679,900,464,"6,4","3,82","0,03",9615,2,4982,1689,"0,45","0,17","0,38",ML,17.570692,-3.996166,MLI
133,Mauritania,SUB-SAHARAN AFRICA,3177388,1030700,"3,1","0,07",0,7089,1800,417,"12,9","0,48","0,01",9951,1,4099,1216,"0,25","0,29","0,46",MR,21.00789,-10.940835,MRT
134,Mauritius,SUB-SAHARAN AFRICA,1240827,2040,"608,3","8,68","-0,9",1503,11400,856,"289,3","49,26","2,96",4778,2,1543,686,"0,059","0,298","0,643",MU,-20.348404,57.552152,MUS
135,Mayotte,SUB-SAHARAN AFRICA,201234,374,"538,1","49,52","6,78",624,2600,NA,"49,7",NA,NA,NA,2,4095,77,NA,NA,NA,YT,-12.8275,45.166244,MYT
143,Mozambique,SUB-SAHARAN AFRICA,19686505,801590,"24,6","0,31",0,13079,1200,478,"3,5","5,1","0,3",946,2,3518,2135,"0,262","0,348","0,39",MZ,-18.665695,35.529562,MOZ
144,Namibia,SUB-SAHARAN AFRICA,2044147,825418,"2,5","0,19",0,4898,7200,840,"62,6","0,99",0,9901,1,2432,1886,"0,097","0,315","0,588",NA,-22.95764,18.49041,NAM
152,Niger,SUB-SAHARAN AFRICA,12525094,1267000,"9,9","0,00","-0,67",12169,800,176,"1,9","3,54","0,01",9645,1,5073,2091,"0,39","0,17","0,44",NE,17.607789,8.081666,NER
153,Nigeria,SUB-SAHARAN AFRICA,131859731,923768,"142,7","0,09","0,26",988,900,680,"9,3","31,29","2,96",6575,15,4043,1694,"0,269","0,487","0,244",NG,9.081999,8.675277,NGA
168,Reunion,SUB-SAHARAN AFRICA,787584,2517,"312,9","8,22",0,778,5800,889,"380,9","13,6","1,2",852,2,189,549,"0,08","0,19","0,73",RE,-21.115141,55.536384,REU
171,Rwanda,SUB-SAHARAN AFRICA,8648248,26338,"328,4","0,00",0,9123,1300,704,"2,7","40,54","12,16",473,3,4037,1609,"0,401","0,229","0,37",RW,-1.940278,29.873888,RWA
172,Saint Helena,SUB-SAHARAN AFRICA,7502,413,"18,2","14,53",0,19,2500,970,"293,3","12,9",0,871,NA,1213,653,NA,NA,NA,SH,-24.143474,-10.030696,SHN
179,Sao Tome and Principe,SUB-SAHARAN AFRICA,193413,1001,"193,2","20,88","-2,72",4311,1200,793,"36,2","6,25","48,96",4479,2,4025,647,"0,167","0,148","0,684",ST,0.18636,6.613081,STP
181,Senegal,SUB-SAHARAN AFRICA,11987121,196190,"61,1","0,27","0,2",5551,1600,402,"22,2","12,78","0,21",8701,2,3278,942,"0,172","0,209","0,619",SN,14.497401,-14.452362,SEN
183,Seychelles,SUB-SAHARAN AFRICA,81541,455,"179,2","107,91","-5,69",1553,7800,580,"262,4","2,22","13,33",8445,2,1603,629,"0,032","0,304","0,665",SC,-4.679574,55.491977,SYC
184,Sierra Leone,SUB-SAHARAN AFRICA,6005250,71740,"83,7","0,56",0,14364,500,314,"4,0","6,98","0,89",9213,2,4576,2303,"0,49","0,31","0,21",SL,8.460555,-11.779889,SLE
189,Somalia,SUB-SAHARAN AFRICA,8863338,637657,"13,9","0,47","5,37",1167,500,378,"11,3","1,67","0,04",9829,1,4513,1663,"0,65","0,1","0,25",SO,5.152149,46.199616,SOM
190,South Africa,SUB-SAHARAN AFRICA,44187637,1219912,"36,2","0,23","-0,29",6181,10700,864,"107,0","12,08","0,79",8713,1,182,22,"0,025","0,303","0,671",ZA,-30.559482,22.937506,ZAF
190,South Africa,SUB-SAHARAN AFRICA,44187637,1219912,"36,2","0,23","-0,29",6181,10700,864,"107,0","12,08","0,79",8713,1,182,22,"0,025","0,303","0,671",ZA,-30.559482,22.937506,ZAF
193,Sudan,SUB-SAHARAN AFRICA,41236378,2505810,"16,5","0,03","-0,02",625,1900,611,"16,3","6,83","0,18",9299,2,3453,897,"0,387","0,203","0,41",SD,12.862807,30.217636,SDN
193,Sudan,SUB-SAHARAN AFRICA,41236378,2505810,"16,5","0,03","-0,02",625,1900,611,"16,3","6,83","0,18",9299,2,3453,897,"0,387","0,203","0,41",SD,12.862807,30.217636,SDN
195,Swaziland,SUB-SAHARAN AFRICA,1136334,17363,"65,5","0,00",0,6927,4900,816,"30,8","10,35","0,7",8895,25,2741,2974,"0,119","0,515","0,366",SZ,-26.522503,31.465866,SWZ
201,Tanzania,SUB-SAHARAN AFRICA,37445392,945087,"39,6","0,15","-2,06",9854,600,782,"4,0","4,52","1,08",944,NA,3771,1639,"0,432","0,172","0,396",TZ,-6.369028,34.888822,TZA
203,Togo,SUB-SAHARAN AFRICA,5548702,56785,"97,7","0,10",0,6661,1500,609,"10,6","46,15","2,21",5164,2,3701,983,"0,395","0,204","0,401",TG,8.619543,0.824782,TGO
211,Uganda,SUB-SAHARAN AFRICA,28195754,236040,"119,5","0,00",0,6783,1400,699,"3,6","25,88","10,65",6347,2,4735,1224,"0,311","0,222","0,469",UG,1.373333,32.290275,UGA
226,Zambia,SUB-SAHARAN AFRICA,11502010,752614,"15,3","0,00",0,8829,800,806,"8,2","7,08","0,03",929,2,41,1993,"0,22","0,29","0,489",ZM,-13.133897,27.849332,ZMB
227,Zimbabwe,SUB-SAHARAN AFRICA,12236805,390580,"31,3","0,00",0,6769,1900,907,"26,8","8,32","0,34",9134,2,2801,2184,"0,179","0,243","0,579",ZW,-19.015438,29.154857,ZWE
5,Andorra,WESTERN EUROPE,71201,468,"152,1","0,00","6,6",405,19000,1000,"497,2","2,22",0,9778,3,871,625,NA,NA,NA,AD,42.546245,1.601554,AND
13,Austria,WESTERN EUROPE,8192880,83870,"97,7","0,00",2,466,30000,980,"452,2","16,91","0,86",8223,3,874,976,"0,018","0,304","0,678",AT,47.516231,14.550072,AUT
20,Belgium,WESTERN EUROPE,10379067,30528,"340,0","0,22","1,23",468,29100,980,"462,6","23,28","0,4",7632,3,1038,1027,"0,01","0,24","0,749",BE,50.503887,4.469936,BEL
20,Belgium,WESTERN EUROPE,10379067,30528,"340,0","0,22","1,23",468,29100,980,"462,6","23,28","0,4",7632,3,1038,1027,"0,01","0,24","0,749",BE,50.503887,4.469936,BEL
55,Denmark,WESTERN EUROPE,5450661,43094,"126,5","16,97","2,48",456,31100,1000,"614,6","54,02","0,19",4579,3,1113,1036,"0,018","0,246","0,735",DK,56.26392,9.501785,DNK
67,Faroe Islands,WESTERN EUROPE,47246,1399,"33,8","79,84","1,41",624,22000,NA,"503,8","2,14",0,9786,NA,1405,87,"0,27","0,11","0,62",FO,61.892635,-6.911806,FRO
69,Finland,WESTERN EUROPE,5231372,338145,"15,5","0,37","0,95",357,27400,1000,"405,3","7,19","0,03",9278,3,1045,986,"0,028","0,295","0,676",FI,61.92411,25.748151,FIN
70,France,WESTERN EUROPE,60876136,547030,"111,3","0,63","0,66",426,27600,990,"586,4","33,53","2,07",644,4,1199,914,"0,022","0,214","0,764",FR,46.227638,2.213749,FRA
77,Germany,WESTERN EUROPE,82422299,357021,"230,9","0,67","2,18",416,27600,990,"667,9","33,85","0,59",6556,3,825,1062,"0,009","0,296","0,695",DE,51.165691,10.451526,DEU
77,Germany,WESTERN EUROPE,82422299,357021,"230,9","0,67","2,18",416,27600,990,"667,9","33,85","0,59",6556,3,825,1062,"0,009","0,296","0,695",DE,51.165691,10.451526,DEU
79,Gibraltar,WESTERN EUROPE,27928,7,"3989,7","171,43",0,513,17500,NA,"877,7",0,0,100,NA,1074,931,NA,NA,NA,GI,36.137741,-5.345374,GIB
80,Greece,WESTERN EUROPE,10688058,131940,"81,0","10,37","2,35",553,20000,975,"589,7","21,1","8,78",7012,3,968,1024,"0,054","0,213","0,733",GR,39.074208,21.824312,GRC
86,Guernsey,WESTERN EUROPE,65409,78,"838,6","64,10","3,84",471,20000,NA,"842,4",NA,NA,NA,3,881,1001,"0,03","0,1","0,87",GG,49.465691,-2.585278,NA
94,Iceland,WESTERN EUROPE,299388,103000,"2,9","4,83","2,38",331,30900,999,"647,7","0,07",0,9993,3,1364,672,"0,086","0,15","0,765",IS,64.963051,-19.020835,ISL
99,Ireland,WESTERN EUROPE,4062235,70280,"57,8","2,06","4,99",539,29600,980,"500,5","15,2","0,03",8477,3,1445,782,"0,05","0,46","0,49",IE,53.41291,-8.24389,IRL
100,Isle of Man,WESTERN EUROPE,75441,572,"131,9","27,97","5,36",593,21000,NA,"676,0",9,0,91,3,1105,1119,"0,01","0,13","0,86",IM,54.236107,-4.548056,NA
102,Italy,WESTERN EUROPE,58133509,301230,"193,0","2,52","2,07",594,26700,986,"430,9","27,79","9,53",6268,NA,872,104,"0,021","0,291","0,688",IT,41.87194,12.56738,ITA
105,Jersey,WESTERN EUROPE,91084,116,"785,2","60,34","2,76",524,24800,NA,"811,3",0,0,100,3,93,928,"0,05","0,02","0,93",JE,49.214439,-2.13125,NA
120,Liechtenstein,WESTERN EUROPE,33987,160,"212,4","0,00","4,85",47,25000,1000,"585,5",25,0,75,4,1021,718,"0,06","0,39","0,55",LI,47.166,9.555373,NA
122,Luxembourg,WESTERN EUROPE,474413,2586,"183,5","0,00","8,97",481,55100,1000,"515,4","23,28","0,4",7632,NA,1194,841,"0,01","0,13","0,86",LU,49.815273,6.129583,LUX
130,Malta,WESTERN EUROPE,400214,316,"1266,5","62,28","2,07",389,17700,928,"505,0","28,13","3,13",6874,NA,1022,81,"0,03","0,23","0,74",MT,35.937496,14.375416,MLT
139,Monaco,WESTERN EUROPE,32543,2,"16271,5","205,00","7,75",543,27000,990,"1035,6",0,0,100,NA,919,1291,"0,17",NA,NA,MC,43.750298,7.412841,NA
147,Netherlands,WESTERN EUROPE,16491461,41526,"397,1","1,09","2,91",504,28600,990,"460,8","26,71","0,97",7232,3,109,868,"0,021","0,244","0,736",NL,52.132633,5.291266,NLD
155,Norway,WESTERN EUROPE,4610820,323802,"14,2","7,77","1,74",37,37800,1000,"461,7","2,87",0,9713,3,1146,94,"0,021","0,415","0,564",NO,60.472024,8.468946,NOR
165,Portugal,WESTERN EUROPE,10605870,92391,"114,8","1,94","3,57",505,18000,933,"399,2","21,75","7,81",7044,3,1072,105,"0,053","0,274","0,673",PT,39.399872,-8.224454,PRT
178,San Marino,WESTERN EUROPE,29251,61,"479,5","0,00","10,98",573,34600,960,"704,3","16,67",0,8333,NA,1002,817,NA,NA,NA,SM,43.94236,12.457777,SMR
191,Spain,WESTERN EUROPE,40397842,504782,"80,0","0,98","0,99",442,22000,979,"453,5","26,07","9,87",6406,3,1006,972,"0,04","0,295","0,665",ES,40.463667,-3.74922,ESP
196,Sweden,WESTERN EUROPE,9016596,449964,"20,0","0,72","1,67",277,26800,990,"715,0","6,54","0,01",9345,3,1027,1031,"0,011","0,282","0,707",SE,60.128161,18.643501,SWE
197,Switzerland,WESTERN EUROPE,7523934,41290,"182,2","0,00","4,05",439,32700,990,"680,9","10,42","0,61",8897,3,971,849,"0,015","0,34","0,645",CH,46.818188,8.227512,CHE
214,United Kingdom,WESTERN EUROPE,60609153,244820,"247,6","5,08","2,19",516,27700,990,"543,5","23,46","0,21",7633,3,1071,1013,"0,005","0,237","0,758",GB,55.378051,-3.435973,GBR
